p_val,avg_log2FC,pct.1,pct.2,p_val_adj,cluster,gene
0.0,2.5854444300361,1.0,0.66,0.0,0,Lyz2
0.0,2.58213274537396,0.234,0.039,0.0,0,Olfr170
0.0,2.57918217245345,0.471,0.081,0.0,0,Gm40999
0.0,2.52987879115453,0.75,0.137,0.0,0,Bex2
0.0,2.52043738284521,0.289,0.052,0.0,0,Aox4
0.0,2.51855971612906,0.922,0.169,0.0,0,Bex4
0.0,2.51253915246823,0.999,0.303,0.0,0,Cxcl15
0.0,2.50641862216944,0.334,0.063,0.0,0,Tmprss7
0.0,2.5051710638797,0.169,0.029,0.0,0,Sowahb
0.0,2.49981783234469,0.176,0.031,0.0,0,Unc5d
0.0,2.49273511197667,0.192,0.036,0.0,0,Muc19
0.0,2.48646906861693,0.243,0.043,0.0,0,Iyd
0.0,2.48593811883882,0.404,0.067,0.0,0,Rprm
0.0,2.48342547568269,0.859,0.16,0.0,0,Arfgef3
0.0,2.46700072838546,1.0,0.399,0.0,0,Sftpa1
0.0,2.45610954431868,0.305,0.055,0.0,0,Tmem30b
0.0,2.45214972404313,0.15,0.029,0.0,0,BC016579
0.0,2.45160320420873,0.107,0.02,0.0,0,Gm29966
0.0,2.44810507587608,0.269,0.051,0.0,0,Necab2
0.0,2.44720071591978,0.384,0.068,0.0,0,Gdnf
0.0,6.39877414449338,0.833,0.028,0.0,1,Ighd
0.0,6.31679228658368,0.655,0.022,0.0,1,Fcmr
0.0,6.26924878102845,0.991,0.064,0.0,1,Bank1
0.0,6.08772165846056,0.263,0.009,0.0,1,Gm12158
0.0,5.97538837132354,0.148,0.006,0.0,1,Klhl14
0.0,5.93479645295332,0.923,0.034,0.0,1,Pax5
0.0,5.92789056367069,0.974,0.061,0.0,1,Cd79a
0.0,5.77174260485743,0.857,0.06,0.0,1,Gm31243
0.0,5.74304826773332,0.315,0.014,0.0,1,Gm43388
0.0,5.68376228280251,0.47,0.024,0.0,1,Gm16341
0.0,5.61694672883322,0.784,0.029,0.0,1,Ms4a1
0.0,5.56596571973776,0.381,0.017,0.0,1,Cd19
0.0,5.54934337003917,0.999,0.103,0.0,1,Ebf1
0.0,5.45512031662556,0.14,0.008,0.0,1,2010309G21Rik
0.0,5.45351015454327,0.418,0.022,0.0,1,Chst3
0.0,5.44703539750408,0.489,0.025,0.0,1,Fcrl1
0.0,5.37001672387458,0.304,0.014,0.0,1,Cr2
0.0,5.31401115362,0.413,0.03,0.0,1,Fcer2a
0.0,5.26264002843755,0.537,0.04,0.0,1,Fcrla
0.0,5.17711749238099,0.877,0.076,0.0,1,Ly6d
0.0,6.3532797130619,0.999,0.215,0.0,2,Lyz1
0.0,1.63043738843708,0.114,0.032,0.0,2,Olfr169
0.0,1.6186772050004,0.43,0.13,0.0,2,Nrn1
0.0,1.61449628302717,0.343,0.101,0.0,2,Pon1
0.0,1.5679503300414,0.672,0.223,0.0,2,Chia1
0.0,1.54448815597134,0.12,0.036,0.0,2,Tdrd5
0.0,1.54348631771304,0.138,0.041,0.0,2,Muc20
1.0734363662193499e-302,1.51578655343834,0.104,0.03,3.46558930833917e-298,2,Gm34240
0.0,1.51572036938798,0.733,0.251,0.0,2,Gm39094
0.0,1.50525857445483,0.109,0.033,0.0,2,Klk13
0.0,1.50094158928554,0.571,0.193,0.0,2,Galnt13
0.0,1.49830026160035,0.278,0.088,0.0,2,Iyd
0.0,1.49775398176776,0.223,0.086,0.0,2,Piwil2
0.0,1.49385190437914,0.33,0.105,0.0,2,Aox4
0.0,1.49305901789813,0.315,0.099,0.0,2,Necab2
0.0,1.48667596909805,1.0,0.47,0.0,2,Cxcl15
0.0,1.4840406753545,0.271,0.083,0.0,2,Olfr170
0.0,1.48290272273086,0.446,0.144,0.0,2,Rprm
0.0,1.48091880245061,0.17,0.056,0.0,2,BC016579
0.0,1.47979684081043,0.8,0.28,0.0,2,Bex2
0.0,7.49714665724577,0.812,0.043,0.0,3,Retnlg
0.0,7.41470142134277,0.4,0.011,0.0,3,Asprv1
0.0,7.38679236418883,0.268,0.005,0.0,3,Ly6g
0.0,7.37560819298363,0.286,0.008,0.0,3,Cstdc4
0.0,7.35520866521048,0.387,0.01,0.0,3,Stfa2l1
0.0,7.31641922566462,0.256,0.006,0.0,3,Mrgpra2b
0.0,7.29435756901522,0.439,0.01,0.0,3,Il1f9
0.0,7.28562364938258,0.42,0.008,0.0,3,Mirt2
0.0,7.28504391196245,0.991,0.186,0.0,3,S100a9
0.0,7.26702441103467,0.815,0.018,0.0,3,Cxcr2
0.0,7.26024150120826,0.11,0.002,0.0,3,Mrgpra2a
0.0,7.19913662363907,0.982,0.128,0.0,3,S100a8
0.0,7.15364215303562,0.121,0.003,0.0,3,Ceacam10
0.0,7.13514189223459,0.204,0.004,0.0,3,Nlrp12
0.0,7.00953284900183,0.887,0.039,0.0,3,Acod1
0.0,6.98858744769949,0.804,0.023,0.0,3,Mmp9
0.0,6.98847035716004,0.219,0.005,0.0,3,9830107B12Rik
0.0,6.91106525518095,0.205,0.004,0.0,3,Scrg1
0.0,6.85625770159228,0.106,0.003,0.0,3,Ofcc1
0.0,6.83783908896144,0.623,0.022,0.0,3,Dhrs9
0.0,6.96240443831039,0.288,0.005,0.0,4,Dapl1
0.0,6.56335188928264,0.224,0.004,0.0,4,Gm14085
0.0,5.87819676620619,0.985,0.074,0.0,4,Lef1
0.0,5.37401884690551,0.446,0.013,0.0,4,Cd8b1
0.0,5.32236579879901,0.438,0.016,0.0,4,Nsg2
0.0,4.98158039349818,0.284,0.009,0.0,4,Cd8a
0.0,4.85807290074029,0.167,0.009,0.0,4,Vipr1
0.0,4.77527891004944,0.171,0.006,0.0,4,Gm44174
0.0,4.65874625764774,0.451,0.038,0.0,4,Tdrp
0.0,4.61443340657994,0.116,0.006,0.0,4,Siah3
0.0,4.53665467321903,0.872,0.076,0.0,4,Tcf7
0.0,4.51763149513497,0.733,0.075,0.0,4,Sidt1
0.0,4.50526810474414,0.962,0.078,0.0,4,Ms4a4b
0.0,4.50473263545399,0.468,0.03,0.0,4,St8sia1
0.0,4.49642914343433,0.194,0.014,0.0,4,A630014C17Rik
0.0,4.37801980182328,0.324,0.032,0.0,4,Myb
0.0,4.34072780812324,0.992,0.096,0.0,4,Itk
0.0,4.30698690626003,0.965,0.066,0.0,4,Gm2682
0.0,4.27214196280843,0.313,0.037,0.0,4,Neto2
0.0,4.22542678103268,0.818,0.197,0.0,4,Dusp10
0.0,6.00182905937102,0.725,0.411,0.0,5,Gm26917
0.0,4.6532655476594,0.186,0.039,0.0,5,Hist4h4
0.0,3.85555243850391,0.127,0.034,0.0,5,Hist1h1d
0.0,3.55832620935326,0.723,0.361,0.0,5,Bmp1
6.6785056591202705e-112,3.34882101104027,0.172,0.099,2.15615555204698e-107,5,2900060B14Rik
0.0,3.32788105804203,0.535,0.273,0.0,5,Rbpjl
9.918207798360061e-113,3.31108241265401,0.112,0.051,3.20209338770055e-108,5,A530020G20Rik
0.0,3.2844085122141,0.373,0.23,0.0,5,Tex14
0.0,3.20864951886648,0.81,0.628,0.0,5,Lars2
4.50422994070403e-127,3.18412140249642,0.194,0.115,1.4541906363563e-122,5,Tle2
0.0,3.0453598986614,0.298,0.146,0.0,5,Hist1h1e
1.982345964102e-68,2.77743330145712,0.188,0.133,6.40000394510332e-64,5,Nrbp2
7.544732205898021e-73,2.77698523210672,0.153,0.096,2.43581679267418e-68,5,Hist1h4d
3.80788823638484e-104,2.74591480376571,0.235,0.164,1.22937671711685e-99,5,Szt2
1.09355362950173e-16,2.73614688288753,0.178,0.165,3.5305378928463296e-12,5,Slc7a5
0.0,2.67394291207343,0.866,0.782,0.0,5,Cmss1
8.334523851478161e-44,2.64760560303501,0.147,0.105,2.69080102544972e-39,5,Gm9856
3.09618647905282e-51,2.64714975667836,0.146,0.099,9.99603804762203e-47,5,Slc26a4
5.3052727121237695e-42,2.59627602274076,0.101,0.063,1.71280729510916e-37,5,Snhg20
5.79459815421154e-155,2.56326738481256,0.31,0.225,1.8707860140872e-150,5,Cracr2a
0.0,7.21509036781669,0.27,0.006,0.0,6,Il17a
0.0,7.206132483179,0.232,0.003,0.0,6,Olfr60
0.0,7.09888423580363,0.14,0.004,0.0,6,Cd163l1
0.0,7.07320926105437,0.102,0.002,0.0,6,5830411N06Rik
0.0,7.0375916281987,0.219,0.004,0.0,6,Tcrg-C1
0.0,6.98238946238799,0.467,0.012,0.0,6,Il23r
0.0,6.81199976118355,0.347,0.007,0.0,6,Ccr4
0.0,6.7736713199036,0.124,0.004,0.0,6,Il17f
0.0,6.73971113370725,0.104,0.002,0.0,6,Trdv4
0.0,6.70043253894431,0.316,0.007,0.0,6,Tnfsf11
0.0,6.35710446236169,0.541,0.018,0.0,6,Cxcr6
0.0,6.18853075205584,0.449,0.015,0.0,6,Il2ra
0.0,6.17004991422457,0.118,0.003,0.0,6,B4galnt4
0.0,6.15145785468459,0.133,0.011,0.0,6,Il1rl1
0.0,6.1431856405498,0.364,0.012,0.0,6,Tnfrsf4
0.0,6.14226916949703,0.906,0.048,0.0,6,Icos
0.0,6.06815050494242,0.167,0.008,0.0,6,Trdc
0.0,6.02043077606642,0.434,0.023,0.0,6,Tnfsf8
0.0,5.98049251279214,0.162,0.004,0.0,6,Podnl1
0.0,5.94962573802866,0.394,0.016,0.0,6,Ankrd6
0.0,8.05565897909515,0.173,0.002,0.0,7,Ccl24
0.0,8.03591500956925,0.235,0.002,0.0,7,Cd163
0.0,7.87287359914741,0.568,0.017,0.0,7,C1qa
0.0,7.83398960052527,0.285,0.002,0.0,7,Fcrls
0.0,7.71201973534431,0.204,0.003,0.0,7,Ccl12
0.0,7.70081391218348,0.108,0.001,0.0,7,Fcna
0.0,7.59208902448972,0.173,0.008,0.0,7,Ccl8
0.0,7.59130199697164,0.566,0.017,0.0,7,C1qc
0.0,7.51200293552953,0.237,0.004,0.0,7,Folr2
0.0,7.50409220566347,0.576,0.018,0.0,7,C1qb
0.0,7.46281233665168,0.349,0.006,0.0,7,Ms4a7
0.0,7.46204586141287,0.104,0.001,0.0,7,Ms4a14
0.0,7.16492658641556,0.463,0.009,0.0,7,Mgl2
0.0,6.92390948299979,0.528,0.009,0.0,7,C3ar1
0.0,6.88924568886329,0.236,0.005,0.0,7,Cd209a
0.0,6.88004645236279,0.138,0.004,0.0,7,Mmp12
0.0,6.83917080671724,0.366,0.008,0.0,7,Clec10a
0.0,6.172551821744,0.116,0.002,0.0,7,Ptchd1
0.0,6.17044434233516,0.166,0.003,0.0,7,Hrh1
0.0,6.02541668577859,0.117,0.003,0.0,7,St18
0.0,9.60877724748526,0.75,0.005,0.0,8,C7
0.0,9.29317481817606,0.112,0.0,0.0,8,Agtr1b
0.0,9.19340088653784,0.274,0.001,0.0,8,Slc38a5
0.0,8.78060537878267,0.829,0.017,0.0,8,Inmt
0.0,8.7130126852376,0.893,0.006,0.0,8,Pdgfra
0.0,8.6300081764012,0.326,0.002,0.0,8,Plcxd3
0.0,8.58933947353413,0.121,0.0,0.0,8,Serpina3c
0.0,8.55083007408584,0.274,0.001,0.0,8,Gm38407
0.0,8.48235643137073,0.233,0.001,0.0,8,Gdf10
0.0,8.47542933622946,0.535,0.002,0.0,8,Col13a1
0.0,8.43132267747237,0.154,0.0,0.0,8,Gm16263
0.0,8.39006699415453,0.34,0.001,0.0,8,Brinp1
0.0,8.38253596724291,0.276,0.004,0.0,8,Mmp3
0.0,8.36738781214357,0.845,0.007,0.0,8,Abca8a
0.0,8.29153119052238,0.821,0.016,0.0,8,Mfap4
0.0,8.19478775269536,0.106,0.001,0.0,8,Adrb3
0.0,8.19364556136275,0.244,0.003,0.0,8,Ccl11
0.0,8.16940621509618,0.282,0.001,0.0,8,Ptgfr
0.0,8.11833644038591,0.493,0.002,0.0,8,Sult5a1
0.0,8.11546377870574,0.713,0.008,0.0,8,Dpep1
0.0,7.76373416712993,0.838,0.01,0.0,9,Htr2c
0.0,7.69836837051864,0.66,0.006,0.0,9,Fabp1
0.0,7.61770622979888,0.823,0.01,0.0,9,Krt79
0.0,7.50212936288494,0.776,0.009,0.0,9,Ear1
0.0,7.35034305272113,0.982,0.018,0.0,9,Atp6v0d2
0.0,7.31756501765316,0.795,0.008,0.0,9,Cidec
0.0,7.3089330772334,0.453,0.004,0.0,9,Gal
0.0,7.28377235149362,0.386,0.003,0.0,9,Trim29
0.0,7.2113421539474,0.389,0.003,0.0,9,Vstm2a
0.0,7.20191181431749,0.506,0.004,0.0,9,Acaa1b
0.0,7.17406490054539,0.548,0.007,0.0,9,Egfem1
0.0,7.01907832731298,0.131,0.001,0.0,9,Gm47815
0.0,6.94257677930669,0.315,0.003,0.0,9,AU022793
0.0,6.8549520084018,0.926,0.066,0.0,9,Kcnip4
0.0,6.81642875234012,0.485,0.004,0.0,9,Mcoln3
0.0,6.78521795839131,0.642,0.008,0.0,9,Slc9a4
0.0,6.71123780174001,0.331,0.003,0.0,9,Slc39a2
0.0,6.42859452845159,0.997,0.089,0.0,9,Chil3
0.0,6.39961830898897,0.704,0.02,0.0,9,Nrg4
0.0,6.32626265414268,0.217,0.003,0.0,9,Slc9a2
0.0,7.47507657814356,0.845,0.017,0.0,10,Bmp6
0.0,7.42068269122666,0.412,0.004,0.0,10,Myrip
0.0,7.39046590993732,0.615,0.007,0.0,10,Glp1r
0.0,7.35596429022036,0.992,0.026,0.0,10,Ptprb
0.0,7.21737797696104,0.629,0.008,0.0,10,Sema3g
0.0,7.1051453939297,0.952,0.032,0.0,10,Tek
0.0,7.09226375618712,0.59,0.007,0.0,10,Sox17
0.0,6.97011991684151,0.329,0.008,0.0,10,Samd5
0.0,6.94693854489153,0.973,0.027,0.0,10,Cyyr1
0.0,6.93257343604083,0.13,0.002,0.0,10,Pgr
0.0,6.89585753266075,0.942,0.022,0.0,10,Adgrl4
0.0,6.88663821027218,0.323,0.005,0.0,10,Tmem252
0.0,6.78765388553505,0.727,0.014,0.0,10,Ccdc85a
0.0,6.7648666529335,0.397,0.005,0.0,10,Sox11
0.0,6.73084022793185,0.792,0.018,0.0,10,Plvap
0.0,6.70767778342758,0.713,0.012,0.0,10,Gpihbp1
0.0,6.70405686408445,0.223,0.004,0.0,10,Slco1c1
0.0,6.67498628496377,0.273,0.004,0.0,10,Grrp1
0.0,6.65858993380911,0.242,0.004,0.0,10,Aplnr
0.0,6.63884935058664,0.628,0.013,0.0,10,Palmd
0.0,7.21131243816861,0.796,0.019,0.0,11,Adgre4
0.0,7.06828807994631,0.286,0.005,0.0,11,Cd300e
0.0,6.9203881399996,0.111,0.003,0.0,11,Ccdc192
0.0,6.25966880585864,0.265,0.006,0.0,11,Arhgef37
0.0,5.80923086083467,0.461,0.014,0.0,11,Ms4a4a
0.0,5.63765543369794,0.624,0.033,0.0,11,Smpdl3b
0.0,5.50681592030531,0.537,0.016,0.0,11,Apoc2
0.0,5.24772535492418,0.316,0.009,0.0,11,Gm36161
0.0,5.19677614978522,0.663,0.031,0.0,11,Treml4
0.0,5.18845914955793,0.825,0.038,0.0,11,Clec4a1
0.0,5.10840773864347,0.168,0.008,0.0,11,Tmem26
0.0,5.030080879776,0.173,0.007,0.0,11,S1pr5
0.0,5.01376947039211,0.747,0.092,0.0,11,Pot1b
0.0,4.9627857068241,0.735,0.03,0.0,11,Gm21188
0.0,4.73974859099962,0.303,0.019,0.0,11,Gm35154
0.0,4.72511117029822,0.222,0.014,0.0,11,Skint3
0.0,4.69737572308256,0.408,0.042,0.0,11,Vcan
0.0,4.68409873498317,0.925,0.103,0.0,11,Ms4a6c
0.0,4.66163437163403,0.791,0.054,0.0,11,Clec4a3
0.0,4.61216135947978,0.941,0.196,0.0,11,Plac8
0.0,9.08275355544851,0.319,0.002,0.0,12,Klra8
0.0,8.9554984620601,0.766,0.013,0.0,12,Gzma
0.0,8.71032162775974,0.42,0.002,0.0,12,Klra9
0.0,8.68511964985456,0.611,0.004,0.0,12,Ncr1
0.0,8.4926665337282,0.135,0.001,0.0,12,Khdc1a
0.0,8.42042157662275,0.553,0.006,0.0,12,Klra4
0.0,8.00082204869623,0.602,0.008,0.0,12,Klrb1c
0.0,7.94165422719901,0.699,0.007,0.0,12,Gzmb
0.0,7.93077882162268,0.168,0.002,0.0,12,Klra3
0.0,7.92866482207028,0.752,0.011,0.0,12,Klre1
0.0,7.92572985505889,0.782,0.015,0.0,12,Prf1
0.0,7.89012141394158,0.294,0.003,0.0,12,Klri2
0.0,7.86505523500817,0.588,0.008,0.0,12,Adamts14
0.0,7.8168886665379,0.428,0.005,0.0,12,Klra7
0.0,7.79096488602499,0.283,0.003,0.0,12,Klrb1a
0.0,7.49464487255284,0.26,0.003,0.0,12,Klrc3
0.0,7.36607670165039,0.987,0.054,0.0,12,Ccl5
0.0,7.36580555578143,0.461,0.006,0.0,12,Klra1
0.0,7.15012009905574,0.581,0.009,0.0,12,Eomes
0.0,7.06261307633466,0.117,0.002,0.0,12,Cldnd2
0.0,11.4557628008281,0.223,0.001,0.0,13,Adcy8
0.0,10.8501672608736,0.266,0.002,0.0,13,Trpc6
0.0,10.3930406411779,0.148,0.0,0.0,13,Gm21798
0.0,10.3416297587582,0.114,0.0,0.0,13,Gm32014
0.0,10.00900304261,0.581,0.003,0.0,13,Myocd
0.0,9.74042121443223,0.809,0.015,0.0,13,Myh11
0.0,9.5892314847505,0.135,0.0,0.0,13,Tmem215
0.0,9.57047881947826,0.508,0.004,0.0,13,Cnn1
0.0,9.41367863787203,0.148,0.001,0.0,13,Fam162b
0.0,9.31309150447678,0.436,0.001,0.0,13,Lgr6
0.0,9.28556066964397,0.172,0.0,0.0,13,Xirp1
0.0,9.06833735744184,0.203,0.001,0.0,13,Higd1b
0.0,8.98188670959966,0.278,0.003,0.0,13,Hpse2
0.0,8.96218214170722,0.205,0.001,0.0,13,Susd5
0.0,8.95462311591303,0.76,0.034,0.0,13,Tagln
0.0,8.90798018888513,0.712,0.01,0.0,13,Gucy1a1
0.0,8.90581030137602,0.733,0.048,0.0,13,Acta2
0.0,8.89908754253918,0.122,0.0,0.0,13,Gm12295
0.0,8.87311801728223,0.692,0.009,0.0,13,Synpo2
0.0,8.86881285097728,0.18,0.002,0.0,13,Agtr1a
0.0,9.15135236435439,0.192,0.0,0.0,14,Cyp8b1
0.0,8.52213422195697,0.835,0.004,0.0,14,Xcr1
0.0,8.18519049444432,0.148,0.0,0.0,14,Gpr33
0.0,8.0413201628957,0.167,0.001,0.0,14,Gm45238
0.0,8.0199860679388,0.341,0.002,0.0,14,Cd207
0.0,7.86921383215559,0.132,0.0,0.0,14,Gm41492
0.0,7.77722513511905,0.776,0.006,0.0,14,Sept3
0.0,7.77510861541608,0.239,0.001,0.0,14,Gm30978
0.0,7.52300598217587,0.117,0.0,0.0,14,Gm1965
0.0,7.47172348160695,0.63,0.008,0.0,14,Timd4
0.0,7.43267378839943,0.606,0.003,0.0,14,Gm43914
0.0,7.20221921645254,0.483,0.003,0.0,14,Gpr141b
0.0,6.92985972331613,0.18,0.001,0.0,14,Gm38410
0.0,6.83531002779694,0.469,0.004,0.0,14,Pianp
0.0,6.78788571661836,0.921,0.018,0.0,14,Htr7
0.0,6.74319222018206,0.691,0.014,0.0,14,Cldn1
0.0,6.56669172969295,0.154,0.001,0.0,14,AU015336
0.0,6.27295223754574,0.584,0.007,0.0,14,4931406G06Rik
0.0,6.24082191226508,0.752,0.063,0.0,14,P3h2
0.0,6.18949328492673,0.3,0.005,0.0,14,Havcr1
0.0,9.89474100284851,0.25,0.0,0.0,15,Slc5a12
0.0,8.25259541949195,0.523,0.005,0.0,15,Lmntd1
0.0,7.56580859426802,0.5,0.013,0.0,15,Tmeff2
0.0,7.5307248220872,0.17,0.001,0.0,15,Rprml
0.0,7.40618830410678,0.119,0.001,0.0,15,Gm30648
0.0,6.97555434546223,0.321,0.003,0.0,15,Apln
0.0,6.97549449212857,0.569,0.016,0.0,15,Rgs6
0.0,6.9688188051332,0.45,0.01,0.0,15,Tbx3os1
0.0,6.80536073174241,0.309,0.005,0.0,15,Chst1
0.0,6.59243235892232,0.396,0.013,0.0,15,2610203C22Rik
0.0,6.56515602671813,0.477,0.016,0.0,15,Fibin
0.0,6.39492549110587,0.129,0.003,0.0,15,Dpysl5
0.0,6.31792092363522,0.943,0.123,0.0,15,Prickle2
0.0,6.30908010583289,0.831,0.031,0.0,15,Kdr
0.0,6.25608923033693,0.691,0.024,0.0,15,Edil3
0.0,6.22829295397296,0.868,0.035,0.0,15,Piezo2
0.0,6.0767743709056,0.549,0.019,0.0,15,Ednrb
0.0,6.01089238282472,0.511,0.021,0.0,15,Gnao1
0.0,5.99560622231519,0.898,0.092,0.0,15,Kitl
0.0,5.94352538040169,0.774,0.031,0.0,15,Tbx3
0.0,9.57173315652411,0.144,0.0,0.0,16,Gm16212
0.0,9.40591599418577,0.195,0.001,0.0,16,Slc22a22
0.0,8.88536316871942,0.538,0.02,0.0,16,Rtkn2
0.0,8.60267137406464,0.396,0.016,0.0,16,Igfbp2
0.0,7.87695366673409,0.103,0.001,0.0,16,Prkag3
0.0,7.64581720843244,0.281,0.007,0.0,16,Scel
0.0,7.08211673232733,0.155,0.001,0.0,16,Wnt7a
0.0,6.53668607821307,0.195,0.005,0.0,16,Gm35330
0.0,6.49449744149178,0.423,0.024,0.0,16,Scnn1g
0.0,6.42992142433606,0.403,0.014,0.0,16,Sh3rf2
0.0,6.31904915989115,0.272,0.007,0.0,16,Bdnf
0.0,6.31020981299086,0.502,0.021,0.0,16,Sema3a
0.0,6.23450913257683,0.654,0.057,0.0,16,Akap5
0.0,6.19226778713074,0.268,0.013,0.0,16,Cldn4
0.0,6.08252098545422,0.217,0.012,0.0,16,Sprr1a
0.0,6.06906790247593,0.144,0.003,0.0,16,Gm36569
0.0,6.00888750597538,0.802,0.216,0.0,16,Hopx
0.0,5.7759262451415,0.542,0.037,0.0,16,Sema3e
0.0,5.76704736576021,0.11,0.004,0.0,16,Gm4128
0.0,5.60936247854453,0.148,0.007,0.0,16,Krtap17-1
0.0,6.92608006219446,0.569,0.009,0.0,17,Pbk
0.0,6.08114646991707,0.709,0.04,0.0,17,Cdc20
0.0,6.0743113698437,0.695,0.023,0.0,17,Cdk1
0.0,5.87566858068722,0.57,0.019,0.0,17,Cenpf
0.0,5.84511811359174,0.529,0.027,0.0,17,Ube2c
0.0,5.7369444464917,0.523,0.014,0.0,17,Hmmr
0.0,5.65608734365051,0.603,0.021,0.0,17,Cdca3
0.0,5.64499400715951,0.44,0.014,0.0,17,Cdkn3
0.0,5.62635476101225,0.204,0.004,0.0,17,Sapcd2
0.0,5.52633948367164,0.341,0.01,0.0,17,Plk1
0.0,5.49199110835047,0.642,0.027,0.0,17,Ect2
0.0,5.47844913250763,0.373,0.012,0.0,17,Ccnb1
0.0,5.4371967022909,0.202,0.006,0.0,17,Pimreg
0.0,5.42892999512196,0.364,0.009,0.0,17,Esco2
0.0,5.42669993071557,0.405,0.012,0.0,17,Kif20a
0.0,5.39788594515165,0.456,0.015,0.0,17,Slfn9
0.0,5.39399573020783,0.178,0.006,0.0,17,Hist1h2af
0.0,5.3844999290149,0.495,0.016,0.0,17,Sgo2a
0.0,5.37931089136483,0.204,0.004,0.0,17,Ybx2
0.0,5.31005553232684,0.392,0.011,0.0,17,Melk
0.0,11.8142735368151,0.399,0.0,0.0,18,1700034E13Rik
0.0,11.3084216519048,0.694,0.0,0.0,18,Gm37381
0.0,11.2342069126069,0.437,0.0,0.0,18,Mdh1b
0.0,11.1914454952515,0.902,0.001,0.0,18,Zbbx
0.0,11.1791817573076,0.864,0.001,0.0,18,Iqca
0.0,11.1280604018608,0.837,0.0,0.0,18,Fam216b
0.0,11.1039781651406,0.463,0.0,0.0,18,Ccdc121
0.0,11.0481921215121,0.833,0.001,0.0,18,Sntn
0.0,11.0472132145459,0.881,0.001,0.0,18,Zfp474
0.0,10.9564077494616,0.966,0.002,0.0,18,Dnah5
0.0,10.789702757351,0.639,0.0,0.0,18,1700028P14Rik
0.0,10.7609232191648,0.961,0.002,0.0,18,Lrriq1
0.0,10.7063845526496,0.781,0.001,0.0,18,Gm19935
0.0,10.6056394314906,0.699,0.0,0.0,18,1700001C02Rik
0.0,10.5929083960564,0.948,0.001,0.0,18,C230072F16Rik
0.0,10.58240515461,0.724,0.001,0.0,18,Gm12695
0.0,10.5364579888227,0.89,0.002,0.0,18,Ccdc113
0.0,10.4901179249929,0.96,0.003,0.0,18,Rgs22
0.0,10.460903731436,0.982,0.004,0.0,18,Tmem212
0.0,10.4267569779982,0.964,0.003,0.0,18,Ccdc153
0.0,9.27047085634747,0.443,0.016,0.0,19,Scgb3a2
0.0,8.79072363152562,0.37,0.001,0.0,19,Gabrp
0.0,8.37296107107317,0.1,0.001,0.0,19,Gm3776
0.0,8.34320630074743,0.998,0.546,0.0,19,Scgb1a1
0.0,8.14091973592608,0.121,0.002,0.0,19,Gsta1
0.0,7.62479902422362,0.19,0.001,0.0,19,Itprid1
0.0,7.41351512112796,0.127,0.0,0.0,19,Acsm1
0.0,7.27457255354469,0.131,0.001,0.0,19,Wdr72
0.0,7.2263077234983,0.174,0.001,0.0,19,Lrrc26
0.0,7.15825755504849,0.16,0.002,0.0,19,Fmo3
0.0,6.86427682278736,0.135,0.001,0.0,19,Nwd2
0.0,6.7058944354069,0.193,0.003,0.0,19,Gsta2
0.0,6.63580359260507,0.13,0.003,0.0,19,Ces1g
0.0,6.52325167913485,0.893,0.104,0.0,19,Cyp2f2
0.0,6.26384896538151,0.215,0.012,0.0,19,Lypd2
0.0,6.12118517173924,0.449,0.014,0.0,19,Cldn10
0.0,5.90934523867004,0.139,0.002,0.0,19,Vtcn1
0.0,5.86550626179802,0.285,0.005,0.0,19,Cnksr2
0.0,5.66726936276514,0.11,0.002,0.0,19,Chad
3.39133677078552e-234,5.60796644818288,0.12,0.009,1.09489307644811e-229,19,Uchl1
3.65021945389472e-168,2.53953391182489,0.142,0.016,1.17847335068991e-163,20,Gm14085
3.8950102835798396e-178,2.49679805845922,0.146,0.016,1.2575040700537501e-173,20,Gm47015
8.81227553009547e-96,2.41965333743609,0.117,0.018,2.8450431548913204e-91,20,Tnfsf11
3.88941169417957e-125,2.32925714887271,0.135,0.019,1.25569656546587e-120,20,Ccr4
1.07728607851466e-170,2.31523922475582,0.157,0.019,3.4780181044845897e-166,20,Cd40lg
3.71061155088511e-114,2.30113822923443,0.115,0.015,1.19797093920326e-109,20,Gm44174
0.0,2.28333918979951,0.409,0.064,0.0,20,Cd5
1.09012181586446e-274,2.27544127283039,0.278,0.037,3.51945828251842e-270,20,Tnfsf8
0.0,2.25893424815637,0.757,0.123,0.0,20,Lef1
2.5990195290568498e-185,2.25096527762062,0.154,0.017,8.39093454956005e-181,20,Gm47782
0.0,2.21815473555153,0.959,0.153,0.0,20,Skap1
0.0,2.20478320239264,0.584,0.104,0.0,20,Slamf6
0.0,2.20365620242276,0.654,0.109,0.0,20,Sidt1
0.0,2.20307941159661,0.933,0.209,0.0,20,Grap2
0.0,2.19674993829888,0.947,0.142,0.0,20,Itk
0.0,2.19323114840938,0.655,0.092,0.0,20,Themis
5.7117757998173795e-244,2.19192253350351,0.271,0.038,1.84404681697104e-239,20,Cd96
0.0,2.1867405791315,0.429,0.065,0.0,20,Ccr6
9.34648635197593e-103,2.18359430519556,0.115,0.017,3.01751311873543e-98,20,Klra4
0.0,2.17481196234483,0.842,0.138,0.0,20,Camk4
2.6169769704088397e-62,5.21539112370632,0.112,0.023,8.448910148964931e-58,21,Slc18a2
1.02287267805317e-109,4.80040725728267,0.19,0.037,3.3023444410946604e-105,21,Hgf
1.3387381189351001e-198,4.5343691030933,0.333,0.065,4.3221160169819703e-194,21,Ccl3
1.59863884355672e-45,4.39070891515588,0.204,0.073,5.16120550642287e-41,21,Ccl4
0.0,3.95202275086376,0.283,0.016,0.0,21,Mcoln3
0.0,3.84883293064964,0.609,0.042,0.0,21,Atp6v0d2
0.0,3.80014398292737,0.484,0.03,0.0,21,Htr2c
4.57793741823139e-10,3.7802865521913,0.145,0.088,1.47798709547601e-05,21,Il6
0.0,3.77862474048209,0.663,0.086,0.0,21,Kcnip4
1.31299470959239e-230,3.74938227151671,0.119,0.008,4.23900341991902e-226,21,Slc9a2
0.0,3.66890471038404,0.364,0.022,0.0,21,Fabp1
6.53010727149855e-300,3.65280399124608,0.159,0.011,2.10824513260331e-295,21,Slc39a2
0.0,3.6425028110299,0.196,0.013,0.0,21,Vstm2a
0.0,3.63901815969358,0.505,0.039,0.0,21,Tfec
0.0,3.62117003486117,0.351,0.024,0.0,21,Slc9a4
0.0,3.61783643236134,0.264,0.02,0.0,21,Gpnmb
0.0,3.61404034969234,0.419,0.028,0.0,21,Cidec
0.0,3.60198539129402,0.439,0.027,0.0,21,Ear1
0.0,3.59561684036169,0.261,0.017,0.0,21,Acaa1b
0.0,3.56802563884569,0.16,0.011,0.0,21,AU022793
0.0,10.3505143274866,0.918,0.006,0.0,22,Iglv1
0.0,10.193573448148,0.14,0.001,0.0,22,Igkv8-21
0.0,9.67331169238178,0.999,0.101,0.0,22,Jchain
0.0,9.33102760757039,0.604,0.077,0.0,22,Ighg2b
0.0,9.32720259529002,0.145,0.001,0.0,22,Ighv1-72
0.0,9.28028796826321,0.156,0.006,0.0,22,Igkv5-43
0.0,9.20814448272866,0.864,0.131,0.0,22,Igha
5.34911174073125e-269,9.20192364698511,0.264,0.033,1.72696072549508e-264,22,Ighg2c
9.65696167194993e-252,8.7868783248706,0.293,0.042,3.1177500757890405e-247,22,Ighg1
0.0,8.65522631900321,0.132,0.0,0.0,22,Igkv3-1
0.0,8.36872999362927,0.648,0.003,0.0,22,Tnfrsf17
0.0,8.35141456102154,0.458,0.002,0.0,22,Oosp1
0.0,8.33125256872407,0.996,0.458,0.0,22,Igkc
0.0,8.2820859372621,0.117,0.001,0.0,22,Igkv3-2
0.0,8.1376072510295,0.15,0.0,0.0,22,Gm16252
0.0,7.8827015196699,0.749,0.005,0.0,22,Iglv3
0.0,7.85126406448827,0.755,0.041,0.0,22,Iglc1
0.0,7.85123397609113,0.253,0.001,0.0,22,Prg2
0.0,7.30119837158518,0.423,0.003,0.0,22,Ccr10
0.0,7.24012100718777,0.338,0.002,0.0,22,Cacna1h
0.0,8.79848034439095,0.485,0.002,0.0,23,Rgs13
0.0,7.59583426731788,0.582,0.004,0.0,23,Nuggc
0.0,7.59481996736662,0.508,0.003,0.0,23,Aicda
0.0,6.63237011213692,0.192,0.003,0.0,23,Dlgap2
0.0,6.40701831929814,0.103,0.001,0.0,23,Gm8879
0.0,5.99066073935935,0.747,0.026,0.0,23,Pclaf
0.0,5.96478218133968,0.101,0.001,0.0,23,Gm49504
0.0,5.9391103027258,0.582,0.021,0.0,23,Hist1h1b
0.0,5.86632254780355,0.488,0.009,0.0,23,Esco2
0.0,5.8649467935957,0.114,0.001,0.0,23,Ccdc175
0.0,5.78591863502857,0.119,0.002,0.0,23,Tmem121
0.0,5.779866144256,0.593,0.025,0.0,23,Mybl1
0.0,5.55365725898587,0.319,0.005,0.0,23,Hist1h2an
0.0,5.55016910877834,0.455,0.01,0.0,23,Hist1h3c
0.0,5.47351899429898,0.52,0.011,0.0,23,Shcbp1
0.0,5.45234577497595,0.281,0.005,0.0,23,Kif18b
0.0,5.42719953110838,0.593,0.016,0.0,23,Ncapg
0.0,5.36842156542455,0.216,0.004,0.0,23,Ccr10
0.0,5.35416763374279,0.264,0.004,0.0,23,Sapcd2
0.0,5.32192815530035,0.304,0.006,0.0,23,Hist1h2ab
0.0,11.8587927566469,0.21,0.0,0.0,24,Hoxd9
0.0,11.5808958241746,0.329,0.001,0.0,24,Nts
0.0,11.3791266314558,0.82,0.012,0.0,24,Ccl21a
0.0,11.2292063839997,0.12,0.0,0.0,24,Gm21541
0.0,10.2695733943228,0.24,0.0,0.0,24,Hoxd8
0.0,10.1125333956512,0.103,0.0,0.0,24,D330037F02Rik
0.0,9.98566411040245,0.832,0.004,0.0,24,Mmrn1
0.0,9.80682368386886,0.812,0.007,0.0,24,Reln
0.0,9.74992042950625,0.544,0.002,0.0,24,Apba2
0.0,9.71704697082265,0.116,0.0,0.0,24,Hoxd3
0.0,9.69535185133274,0.233,0.001,0.0,24,Pld5
0.0,9.45668705419265,0.1,0.0,0.0,24,Hoxd4
0.0,9.38357982082427,0.787,0.008,0.0,24,Prox1
0.0,9.35803901929688,0.12,0.0,0.0,24,Hoxd3os1
0.0,9.25862293684902,0.103,0.0,0.0,24,Clca2
0.0,8.88232269290569,0.321,0.001,0.0,24,Btnl9
0.0,8.51505866357532,0.602,0.004,0.0,24,Klhl4
0.0,8.35350807343165,0.231,0.001,0.0,24,A830019P07Rik
0.0,8.336461482361,0.171,0.001,0.0,24,Gm10475
0.0,8.02420131573062,0.176,0.001,0.0,24,Duox2
0.0,4.5220943910189,0.364,0.011,0.0,25,Cd300e
0.0,4.40697826485922,0.159,0.005,0.0,25,Ccdc192
0.0,4.3102801809872,0.82,0.036,0.0,25,Adgre4
0.0,3.92869855495513,0.244,0.011,0.0,25,Arhgef37
0.0,3.87629995083282,0.541,0.027,0.0,25,Apoc2
0.0,3.78672715944293,0.64,0.045,0.0,25,Smpdl3b
0.0,3.71548001625241,0.309,0.015,0.0,25,Gm36161
0.0,3.67705918158244,0.429,0.024,0.0,25,Ms4a4a
0.0,3.6198890611591,0.696,0.044,0.0,25,Treml4
0.0,3.60209362621683,0.829,0.054,0.0,25,Clec4a1
0.0,3.54088410554164,0.212,0.01,0.0,25,S1pr5
0.0,3.47262421981054,0.783,0.106,0.0,25,Pot1b
0.0,3.45018999731223,0.708,0.045,0.0,25,Gm21188
0.0,3.4479469279065,0.21,0.011,0.0,25,Tmem26
0.0,3.43339709522233,0.304,0.025,0.0,25,Gm35154
0.0,3.3833231073141,0.24,0.018,0.0,25,Skint3
0.0,3.23110114891927,0.754,0.058,0.0,25,Gpr141
0.0,3.22724713790943,0.777,0.069,0.0,25,Clec4a3
9.32006537457792e-180,3.18364314806763,0.314,0.051,3.00898310618248e-175,25,Vcan
0.0,3.15291982694682,0.905,0.12,0.0,25,Ms4a6c
0.0,6.5288361114086,0.78,0.021,0.0,26,Hist1h1b
0.0,6.32867147513677,0.614,0.01,0.0,26,Hist1h3c
0.0,6.06842817511267,0.375,0.005,0.0,26,Hist1h2af
0.0,5.93856853171153,0.384,0.006,0.0,26,Hist1h2ab
0.0,5.92143685651767,0.95,0.026,0.0,26,Pclaf
0.0,5.88464793733873,0.616,0.012,0.0,26,Shcbp1
2.50656421066806e-75,5.83227318489483,0.148,0.025,8.09244255414184e-71,26,Prtn3
0.0,5.74864492837606,0.839,0.018,0.0,26,Ccna2
0.0,5.73459263411233,0.397,0.007,0.0,26,Hist1h2ap
0.0,5.69192427582032,0.826,0.023,0.0,26,Kif11
0.0,5.67662938355424,0.309,0.005,0.0,26,Kif18b
0.0,5.66912981762034,0.152,0.002,0.0,26,Hist1h3b
0.0,5.66839890376716,0.523,0.01,0.0,26,Ska1
0.0,5.62009697967386,0.656,0.013,0.0,26,Neil3
0.0,5.59563517688887,0.116,0.002,0.0,26,Hist1h2ag
0.0,5.59139258741853,0.327,0.006,0.0,26,Pimreg
0.0,5.58302131399659,0.932,0.048,0.0,26,Top2a
0.0,5.58207341928541,0.616,0.018,0.0,26,Hist1h2ae
0.0,5.56076568690341,0.713,0.016,0.0,26,Kif4
0.0,5.5551272568163,0.479,0.01,0.0,26,Rad51ap1
0.0,11.8335622311072,0.12,0.001,0.0,27,Sln
0.0,11.417155095087,0.103,0.0,0.0,27,Smpx
0.0,11.1583671209544,0.109,0.001,0.0,27,Csrp3
6.66216141974176e-89,9.04107899709234,0.12,0.013,2.15087881436363e-84,27,Mb
9.9271292436331e-229,8.91778990538816,0.107,0.004,3.20497367630694e-224,27,Pgam2
2.75860013107788e-37,8.52956959949973,0.122,0.027,8.906140523184929e-33,27,Myl4
1.79617238034724e-174,8.3230644183368,0.114,0.006,5.79894252995105e-170,27,Tcap
5.14348550291008e-40,7.56680441102519,0.111,0.022,1.6605742946145202e-35,27,Fabp3
3.38916467855058e-153,7.20029441258174,0.131,0.01,1.09419181647006e-148,27,Actc1
2.45393896548904e-187,6.26076801840436,0.118,0.006,7.92254195008137e-183,27,Apln
4.75892184071359e-109,5.92253716592557,0.133,0.013,1.53641791627438e-104,27,Enho
1.71741603150315e-90,5.73003458581065,0.105,0.01,5.54467765770791e-86,27,Aard
1.21625516930164e-172,5.63042394506708,0.186,0.017,3.9266798140903497e-168,27,Unc45b
6.336433225814441e-157,5.58926612872116,0.194,0.02,2.04571746695419e-152,27,Fibin
0.0,5.40754931102341,0.703,0.067,0.0,27,Ramp2
1.94234070914522e-54,5.38495516644987,0.105,0.015,6.27084697947534e-50,27,Des
0.0,5.292265981156,0.391,0.042,0.0,27,Ecscr
6.7319066431206104e-93,5.25375027433345,0.162,0.022,2.17339605973149e-88,27,Bvht
0.0,5.23951282214483,0.365,0.032,0.0,27,Stmn2
5.6017684159785895e-270,5.17962442415301,0.483,0.076,1.80853093309869e-265,27,Icam2
6.41995152798048e-80,2.89045244446507,0.146,0.018,2.0726813508085e-75,28,Tnfsf11
1.90392802654856e-66,2.61771589362655,0.104,0.011,6.14683163371204e-62,28,Olfr60
1.1296453837626299e-72,2.60258005660705,0.181,0.029,3.64706012147764e-68,28,Il23r
6.95772296157397e-56,2.57170406719749,0.107,0.014,2.24630085814416e-51,28,Trdc
0.0,2.55972744414685,0.675,0.101,0.0,28,Bcl11b
4.59007511489505e-90,2.55751057625816,0.161,0.02,1.48190575084387e-85,28,Cd40lg
1.42486301368271e-265,2.5545966617278,0.546,0.076,4.60017023967463e-261,28,Trbc1
9.34525829780911e-110,2.54174238511632,0.253,0.038,3.01711664144767e-105,28,Tnfsf8
7.337450063776139e-258,2.52323329272706,0.546,0.079,2.36889575309013e-253,28,Icos
3.46407915966883e-170,2.46581225436641,0.385,0.057,1.1183779566990801e-165,28,Ubash3a
1.90923580123868e-163,2.46259356788519,0.404,0.065,6.16396778429907e-159,28,Cd5
7.813463697211521e-111,2.45758013969309,0.181,0.02,2.52257675464474e-106,28,AU019990
2.18593672325366e-161,2.45210263225547,0.206,0.019,7.057296711024451e-157,28,Scrg1
0.0,2.43624352610174,0.821,0.14,0.0,28,Camk4
7.6358644881006e-59,2.42490227614555,0.109,0.014,2.46523884998328e-54,28,Gm50218
1.2759940588245301e-61,2.41313395794118,0.129,0.018,4.119546818915e-57,28,Klrc1
1.59195593278134e-53,2.41243017900927,0.117,0.017,5.1396297289845396e-49,28,Gm47015
6.11496138143445e-127,2.41183179872246,0.166,0.015,1.97421528199611e-122,28,Gm20406
1.53986662287966e-164,2.41116798356107,0.31,0.039,4.97145939196699e-160,28,Cd96
2.81509458653459e-46,2.40744235326421,0.102,0.015,9.088532872626929e-42,28,Aqp3
9.64657417397626e-124,2.83444268589771,0.169,0.016,3.11439647206824e-119,29,Rhov
0.0,2.81353731362765,0.67,0.065,0.0,29,Slfn4
1.3266082062322399e-108,2.78584336243249,0.125,0.01,4.2829545938207804e-104,29,Gm39321
0.0,2.7845939508426,0.391,0.032,0.0,29,Aqp9
2.3432640829844798e-243,2.75922238982669,0.309,0.028,7.565228091915381e-239,29,Cstdc4
4.29132145339509e-52,2.72984445466315,0.102,0.013,1.3854531312286e-47,29,Gm26756
7.42163157197272e-167,2.7014970363447,0.271,0.03,2.39607375301139e-162,29,Oas3
5.658666057051399e-203,2.69548383497999,0.24,0.02,1.82690033651905e-198,29,9830107B12Rik
3.75261122428373e-172,2.6645178239455,0.215,0.019,1.21153053376e-167,29,Scrg1
0.0,2.64344930553163,0.558,0.063,0.0,29,Rdh12
2.51152564459393e-123,2.63238122134489,0.207,0.024,8.1084605435715e-119,29,Rsad2
6.16902990709022e-119,2.62706840912198,0.146,0.012,1.99167130550408e-114,29,Gm34589
3.82248179976675e-194,2.61008914952003,0.225,0.018,1.23408824905469e-189,29,Nlrp12
0.0,2.60441204194529,0.44,0.036,0.0,29,Stfa2l1
0.0,2.5921603841197,0.652,0.066,0.0,29,Trim30b
1.9476952455335402e-110,2.58709842819153,0.136,0.012,6.28813410020502e-106,29,Amer2
0.0,2.56126914966166,0.839,0.074,0.0,29,Cxcr2
8.90817790676234e-178,2.56067627576381,0.253,0.025,2.8760052371982203e-173,29,4933432I03Rik
0.0,2.5550113879304,0.442,0.037,0.0,29,Mirt2
1.47783153086961e-243,2.55125596622824,0.468,0.06,4.77117909741253e-239,29,Mmp8
0.0,11.3389801615167,0.378,0.001,0.0,30,Slurp1
0.0,11.1744362093832,0.817,0.001,0.0,30,Lrrn4
0.0,10.9600894415743,0.661,0.0,0.0,30,Bnc1
0.0,10.9162166559565,0.799,0.001,0.0,30,Muc16
0.0,10.8244500625679,0.28,0.0,0.0,30,A730046J19Rik
0.0,10.6853441486883,0.885,0.004,0.0,30,Upk3b
0.0,10.348832275879,0.416,0.0,0.0,30,Chst4
0.0,10.0787728653678,0.15,0.0,0.0,30,Apol7a
0.0,10.0593517133783,0.823,0.003,0.0,30,Msln
0.0,10.0103235514966,0.882,0.002,0.0,30,Wt1
0.0,9.83138667648213,0.51,0.002,0.0,30,Lgals7
0.0,9.81029902433193,0.383,0.0,0.0,30,Rpp25
0.0,9.76236130267362,0.174,0.0,0.0,30,Slitrk4
0.0,9.73989253544082,0.103,0.0,0.0,30,Tat
0.0,9.6867184470281,0.543,0.001,0.0,30,Wt1os
0.0,9.28215743206252,0.162,0.0,0.0,30,Krt14
0.0,8.85466454373706,0.1,0.0,0.0,30,Gm40331
0.0,8.82848190465698,0.28,0.002,0.0,30,Nxph1
0.0,8.69082892577278,0.74,0.005,0.0,30,Il1rapl1
0.0,8.66294405801209,0.894,0.008,0.0,30,Pkhd1l1
0.0,11.988562535887,0.762,0.0,0.0,31,Gm21762
0.0,11.4950428507753,0.285,0.0,0.0,31,Gm829
0.0,11.3423243188264,0.609,0.0,0.0,31,Klk1
0.0,10.8305231355346,0.953,0.005,0.0,31,Siglech
0.0,10.6293612721113,0.281,0.0,0.0,31,Gm12253
0.0,10.619693211656,0.881,0.006,0.0,31,Grm8
0.0,9.31089134508278,0.613,0.001,0.0,31,Dntt
0.0,8.87031185991979,0.34,0.001,0.0,31,Klk1b27
0.0,8.76489785452159,0.86,0.004,0.0,31,Cd300c
0.0,8.67601207793614,0.119,0.0,0.0,31,Gm14161
0.0,8.14427468031295,0.123,0.0,0.0,31,Duxbl1
0.0,7.74016249107579,0.796,0.009,0.0,31,Upb1
0.0,7.73775389413558,0.515,0.003,0.0,31,Cd209d
0.0,7.70298765970589,0.74,0.007,0.0,31,Paqr5
0.0,7.51114332954647,0.106,0.001,0.0,31,Foxr1
0.0,7.3792302936437,0.919,0.032,0.0,31,Ccr9
0.0,7.1752917826711,0.923,0.044,0.0,31,Lrp8
0.0,7.16211796318686,0.345,0.002,0.0,31,Adam11
0.0,7.07040950039183,0.204,0.001,0.0,31,Gm12649
0.0,6.91969730936218,0.613,0.01,0.0,31,Lrp8os2
0.0,12.5497063391273,0.986,0.005,0.0,32,Ppbp
0.0,12.5089454297608,0.873,0.002,0.0,32,Gp9
0.0,12.1212052139539,0.714,0.002,0.0,32,Treml1
0.0,12.0730714793309,0.531,0.001,0.0,32,Gp1bb
0.0,11.4836771552518,0.986,0.018,0.0,32,Nrgn
0.0,11.41236516854,0.239,0.001,0.0,32,Gp1ba
0.0,11.3268516371766,0.779,0.006,0.0,32,Alox12
0.0,11.2692572165458,0.465,0.001,0.0,32,Snca
0.0,10.7372162541586,0.911,0.014,0.0,32,Clec1b
0.0,10.4953025012397,0.465,0.005,0.0,32,Gp5
0.0,10.3289467787228,0.385,0.003,0.0,32,Mpig6b
0.0,10.2830312597615,0.38,0.004,0.0,32,Gchfr
0.0,9.82761707205488,0.141,0.002,0.0,32,Gm30411
0.0,9.69881129760016,0.357,0.004,0.0,32,Tubb1
0.0,9.61018483751459,0.798,0.029,0.0,32,Itga2b
0.0,9.59239220386629,0.131,0.001,0.0,32,Gm27007
0.0,9.14863707296673,0.362,0.007,0.0,32,Gp6
0.0,8.95032500377348,0.986,0.069,0.0,32,Pf4
1.07392253995217e-257,8.75245729746422,0.117,0.002,3.4671589202356e-253,32,Ly6g6f
0.0,8.72543682383646,0.991,0.066,0.0,32,Gng11
0.0,8.88825619925507,0.125,0.0,0.0,33,Lhx8
6.5887818887912e-194,8.01940401476416,0.125,0.001,2.12718823279624e-189,33,Gm266
2.3644761469729297e-11,7.33335918675504,0.281,0.043,7.6337112405021e-07,33,Ighg1
0.0,7.24472300006243,0.688,0.008,0.0,33,Ccl19
9.83727621983189e-156,7.21699970934544,0.438,0.008,3.17596462757273e-151,33,Cxcl13
0.0,7.03214144301707,0.344,0.002,0.0,33,Nfasc
0.0,6.98080210880352,0.812,0.011,0.0,33,Iglv1
0.0,6.96911821624965,0.438,0.004,0.0,33,Sfrp4
0.0,6.89749455567959,0.188,0.001,0.0,33,Pvalb
3.91817494662606e-77,6.86630307906836,0.125,0.001,1.26498278151822e-72,33,Igkv3-2
1.8279941481071e-245,6.73291906291893,0.406,0.005,5.90167910716377e-241,33,Oosp1
0.0,6.61110226872108,0.844,0.009,0.0,33,Iglv3
4.61730904472565e-151,6.55358605772855,0.156,0.001,1.49069822508968e-146,33,Fzd10os
1.2726553674741e-73,6.4937261289301,1.0,0.106,4.1087678538901397e-69,33,Jchain
4.3957403839070603e-154,6.41958728930324,0.625,0.017,1.4191647829444001e-149,33,Cpxm1
1.55652940171581e-82,6.36407296858445,0.156,0.002,5.02525517343949e-78,33,Adcyap1r1
1.4091602678108e-59,6.32436021124714,0.125,0.002,4.5494739246271694e-55,33,Ntrk1
1.27523509026725e-25,6.29186125111359,0.562,0.08,4.11709648892782e-21,33,Ighg2b
5.642947553447949e-26,6.26300049383882,1.0,0.461,1.82182561763067e-21,33,Igkc
1.84793047373288e-26,6.20943045666553,0.75,0.135,5.9660435344466e-22,33,Igha
